Trajectories,,,,,,,,,,,,,,,,,,,,,,,,,,,,,,,,,,,,,,,,,,,,,,,,,,,,,,,,,,,,,
100,,,,,,,,,,,,,,,,,,,,,,,,,,,,,,,,,,,,,,,,,,,,,,,,,,,,,,,,,,,,,
,,s01:LKNM,,,s01:RKNM,,,s01:LMED,,,s01:RMED,,,s01:LASI,,,s01:RASI,,,s01:LPSI,,,s01:RPSI,,,s01:LTHI,,,s01:LKNE,,,s01:LTIB,,,s01:LANK,,,s01:LHEE,,,s01:LTOE,,,s01:RTHI,,,s01:RKNE,,,s01:RTIB,,,s01:RANK,,,s01:RHEE,,,s01:RTOE,,
Frame,Sub Frame,X,Y,Z,X,Y,Z,X,Y,Z,X,Y,Z,X,Y,Z,X,Y,Z,X,Y,Z,X,Y,Z,X,Y,Z,X,Y,Z,X,Y,Z,X,Y,Z,X,Y,Z,X,Y,Z,X,Y,Z,X,Y,Z,X,Y,Z,X,Y,Z,X,Y,Z,X,Y,Z
,,mm,mm,mm,mm,mm,mm,mm,mm,mm,mm,mm,mm,mm,mm,mm,mm,mm,mm,mm,mm,mm,mm,mm,mm,mm,mm,mm,mm,mm,mm,mm,mm,mm,mm,mm,mm,mm,mm,mm,mm,mm,mm,mm,mm,mm,mm,mm,mm,mm,mm,mm,mm,mm,mm,mm,mm,mm,mm,mm,mm
1,0,-733.737915,206.714584,484.316559,-751.136475,299.408875,481.416931,-712.071716,162.14325,113.063705,-710.946289,346.338104,105.437073,-858.107776,140.524581,970.498622,-850.200623,369.214081,962.775452,-686.33429,203.245743,1022.556641,-677.932007,284.042877,1021.704346,-768.479675,67.554443,693.606384,-741.824707,84.563835,509.868378,-718.953613,64.465912,363.704926,-692.589111,84.743149,110.978912,-636.660828,118.280533,39.850029,-861.092224,120.687706,63.827751,-733.14917,444.643921,753.265625,-737.615784,418.477386,501.7966,-702.467285,437.26358,385.416077,-687.903992,426.449036,93.359596,-632.872253,383.718658,37.158485,-856.994507,411.436035,61.375046
2,0,-733.709595,206.723785,484.304443,-751.101562,299.468689,481.432465,-712.074524,162.133026,113.051361,-710.931152,346.670929,105.745361,-858.051135,140.522963,970.504298,-850.143982,369.212463,962.781128,-686.225586,203.296173,1022.562866,-677.879639,284.090912,1021.720276,-768.393372,67.569824,693.605774,-741.779114,84.582787,509.882996,-718.933655,64.480888,363.712372,-692.585693,84.752083,110.988632,-636.662781,118.275742,39.843498,-861.101196,120.68969,63.821533,-733.13269,444.68808,753.24176,-737.573486,418.523743,501.794098,-702.444702,437.27948,385.386108,-687.907166,426.468445,93.345726,-632.862671,383.711273,37.153957,-856.984375,411.438812,61.376217
3,0,-733.708618,206.765121,484.322479,-750.962524,299.432617,481.417236,-712.074097,162.154816,113.053223,-710.886902,346.652588,105.744621,-857.989245,140.548568,970.519252,-850.082092,369.238068,962.796082,-686.11792,203.351242,1022.578247,-677.818359,284.145782,1021.722107,-768.290039,67.595718,693.609863,-741.730774,84.599152,509.888245,-718.915466,64.51107,363.712402,-692.577576,84.765869,110.991852,-636.651672,118.275208,39.845596,-861.094116,120.673645,63.827118,-733.0979,444.715271,753.235596,-737.552734,418.532959,501.784332,-702.454773,437.315552,385.380524,-687.907898,426.487579,93.329926,-632.860413,383.718475,37.155155,-856.994507,411.421631,61.365799
4,0,-733.678589,206.820023,484.323334,-750.942871,299.444916,481.436981,-712.058289,162.152466,113.046219,-710.895081,346.686462,105.732239,-857.951465,140.56111,970.510951,-850.044312,369.25061,962.787781,-686.023865,203.423508,1022.577148,-677.760559,284.232178,1021.711121,-768.24054,67.634666,693.622864,-741.718079,84.645905,509.875641,-718.906372,64.515472,363.719208,-692.579895,84.758827,111.006325,-636.655334,118.274689,39.843029,-861.105591,120.680016,63.839531,-733.087036,444.749756,753.227234,-737.538757,418.58313,501.77066,-702.467163,437.388397,385.364197,-687.8974,426.500122,93.331367,-632.882812,383.72464,37.140358,-856.991699,411.40979,61.383179
5,0,-733.658142,206.818222,484.3125,-752.114075,299.744781,481.31958,-712.086548,162.433792,113.188179,-710.867676,346.66449,105.738129,-857.879016,140.579238,970.52566,-849.971863,369.268738,962.80249,-685.912292,203.500244,1022.585632,-677.699158,284.276611,1021.700745,-768.168762,67.660782,693.615967,-741.705933,84.664169,509.865295,-718.881165,64.539383,363.710266,-692.563171,84.759369,110.98999,-636.667725,118.27829,39.844521,-861.08905,120.683029,63.84174,-733.051453,444.767792,753.197876,-737.505859,418.588165,501.772278,-702.460083,437.408051,385.376801,-687.880127,426.512695,93.316818,-632.876282,383.736694,37.113571,-856.979858,411.405243,61.385681
6,0,-733.644714,206.849655,484.308533,-752.108948,299.841644,481.275299,-712.099365,162.42244,113.189659,-710.880005,346.667755,105.725861,-857.820056,140.591231,970.520961,-849.912903,369.280731,962.797791,-685.814575,203.563538,1022.586731,-677.648438,284.324646,1021.699219,-768.10614,67.662148,693.642822,-741.690674,84.684433,509.865417,-718.875366,64.554482,363.706451,-692.57782,84.759758,110.972771,-636.679321,118.259697,39.825996,-861.098877,120.686783,63.835419,-733.057312,444.810852,753.195312,-737.517944,418.614319,501.755524,-702.486206,437.452576,385.336975,-687.873779,426.54483,93.31356,-632.866699,383.734558,37.115265,-856.983398,411.395203,61.364868
7,0,-733.623291,206.858536,484.323425,-752.038818,299.794403,481.313293,-712.084045,162.155334,113.06189,-710.885376,346.659424,105.70768,-857.772754,140.589187,970.532679,-849.865601,369.278687,962.809509,-685.719055,203.616089,1022.583862,-677.577759,284.381073,1021.698853,-768.063232,67.669617,693.663269,-741.672485,84.686569,509.865509,-718.879822,64.557449,363.698639,-692.590027,84.748558,110.975212,-636.668823,118.255547,39.829082,-861.102478,120.686707,63.832581,-733.049927,444.838348,753.193665,-737.52179,418.633301,501.753021,-702.502258,437.458984,385.320068,-687.869202,426.564911,93.316223,-632.877319,383.726379,37.100872,-856.970459,411.38736,61.36071
8,0,-733.584656,206.840164,484.326324,-750.989563,299.518738,481.373749,-712.062195,162.157654,113.064896,-710.845764,346.360992,105.432137,-857.72301,140.592482,970.54568,-849.815857,369.281982,962.82251,-685.60968,203.664032,1022.600403,-677.534973,284.441162,1021.688477,-768.000854,67.679871,693.664368,-741.649475,84.711845,509.858978,-718.851379,64.562622,363.701935,-692.580261,84.751717,110.985161,-636.674194,118.257675,39.823769,-861.086487,120.671928,63.829617,-733.051575,444.884125,753.186646,-737.525879,418.647125,501.729431,-702.516052,437.494202,385.308228,-687.845581,426.565063,93.317703,-632.892395,383.737274,37.082905,-856.978394,411.384216,61.374069
9,0,-733.558533,206.863663,484.334381,-752.034485,299.857666,481.285156,-712.090271,162.379166,113.184006,-710.853333,346.611237,105.667038,-857.6599,140.613814,970.538905,-849.752747,369.303314,962.815735,-685.521912,203.718536,1022.614807,-677.478577,284.491699,1021.68512,-767.941345,67.70266,693.660583,-741.617493,84.724968,509.864105,-718.853638,64.573486,363.720886,-692.579468,84.747749,110.964554,-636.669922,118.244331,39.825489,-861.086975,120.66864,63.82782,-733.053467,444.906891,753.169373,-737.553955,418.671387,501.719055,-702.53363,437.509094,385.305267,-687.840027,426.583435,93.311516,-632.898071,383.733429,37.07169,-856.970215,411.374725,61.361954
10,0,-733.527832,206.89119,484.334564,-751.034668,299.541351,481.330688,-712.063904,162.141953,113.062889,-710.878601,346.603729,105.670197,-857.623278,140.611342,970.542445,-849.716125,369.300842,962.819275,-685.443237,203.76297,1022.621643,-677.428772,284.540741,1021.68634,-767.871948,67.726028,693.672668,-741.569885,84.758095,509.881927,-718.821167,64.58223,363.719025,-692.585022,84.762573,110.969017,-636.676758,118.251457,39.827412,-861.097168,120.664665,63.816055,-733.028442,444.931549,753.150024,-737.537781,418.665649,501.70578,-702.55896,437.538818,385.289703,-687.869751,426.592804,93.322472,-632.895142,383.732819,37.07217,-856.98053,411.36496,61.362762
11,0,-733.503418,206.896286,484.323242,-751.114014,299.642487,481.266113,-712.073853,162.150391,113.072426,-710.840759,346.601807,105.655632,-857.556323,140.643569,970.552882,-849.64917,369.333069,962.829712,-685.380554,203.804504,1022.629272,-677.382812,284.578339,1021.697021,-767.7995,67.738762,693.66864,-741.5177,84.78215,509.882935,-718.792236,64.610725,363.706909,-692.574158,84.763008,110.973846,-636.668823,118.239243,39.825443,-861.082092,120.666054,63.828373,-733.041443,444.952026,753.141174,-737.552551,418.678406,501.681519,-702.578918,437.560394,385.283356,-687.838867,426.611298,93.301674,-632.86792,383.749359,37.077003,-856.985901,411.368256,61.358734
12,0,-733.459839,206.610199,484.456848,-751.137207,299.621948,481.290192,-712.069946,162.128586,113.067154,-710.819275,346.582153,105.609642,-857.506884,140.614669,970.551051,-849.599731,369.304169,962.827881,-685.292114,203.836334,1022.639404,-677.32196,284.60733,1021.710022,-767.727539,67.757904,693.694641,-741.480225,84.802658,509.881744,-718.773071,64.622101,363.718567,-692.584351,84.761772,110.975914,-636.679749,118.248581,39.82552,-861.078003,120.659691,63.819485,-733.015869,444.975555,753.124329,-737.555542,418.683319,501.67746,-702.597717,437.574432,385.26413,-687.808044,426.616943,93.291328,-632.871155,383.733765,37.090588,-856.980591,411.350647,61.352757
13,0,-733.421265,206.887589,484.362915,-751.122803,299.574982,481.350403,-712.093018,162.362747,113.187576,-710.853271,346.585419,105.634438,-857.455737,140.657119,970.565394,-849.548584,369.346619,962.842224,-685.24054,203.890625,1022.645325,-677.287048,284.652222,1021.705139,-767.653748,67.788742,693.688171,-741.388062,84.816566,509.931335,-718.742065,64.652718,363.73526,-692.582336,84.769684,110.984375,-636.686707,118.252907,39.833382,-861.096741,120.668976,63.84483,-733.018982,445.018738,753.130188,-737.548096,418.702881,501.685272,-702.585632,437.582794,385.276794,-687.817322,426.619781,93.29052,-632.88208,383.756989,37.081326,-856.992737,411.3703,61.346558
14,0,-733.402588,206.890808,484.364197,-750.729858,298.939911,481.244659,-712.068054,162.148026,113.086754,-710.833923,346.562164,105.618057,-857.418689,140.646224,970.565516,-849.511536,369.335724,962.842346,-685.171204,203.904099,1022.651917,-677.235046,284.664703,1021.714355,-767.612183,67.799026,693.678955,-741.346924,84.848038,509.928711,-718.697449,64.670059,363.733887,-692.57373,84.78315,110.982864,-636.666809,118.250641,39.847103,-861.083191,120.675423,63.828068,-732.985168,445.033417,753.120422,-737.522034,418.738922,501.675293,-702.578247,437.595764,385.275818,-687.80304,426.637665,93.300568,-632.867126,383.75296,37.090012,-856.99762,411.353912,61.342587
15,0,-733.388672,206.889481,484.351837,-750.739136,298.958984,481.259277,-712.114319,162.37059,113.166115,-710.841309,346.380402,105.412209,-857.357043,140.677016,970.583399,-849.44989,369.366516,962.860229,-685.13092,203.95932,1022.650391,-677.189636,284.71228,1021.72052,-767.565979,67.837372,693.69519,-741.325684,84.889305,509.920227,-718.683167,64.708633,363.730316,-692.584961,84.802498,110.983292,-636.678711,118.26194,39.840935,-861.07959,120.672935,63.835861,-732.944946,445.07724,753.114136,-737.497925,418.765594,501.675354,-702.563782,437.599487,385.251617,-687.815063,426.633606,93.283867,-632.870972,383.761292,37.082108,-856.975769,411.347992,61.322575
16,0,-733.381897,206.923569,484.343811,-750.553406,298.973755,481.277832,-712.09259,162.362778,113.185585,-710.836792,346.570343,105.583878,-857.3026,140.68669,970.598231,-849.395447,369.37619,962.875061,-685.07251,203.96582,1022.648193,-677.149536,284.736359,1021.718994,-767.521301,67.871658,693.67334,-741.306274,84.913948,509.902832,-718.664551,64.720459,363.740082,-692.579102,84.80127,110.981506,-636.669495,118.246948,39.847748,-861.073669,120.666664,63.834587,-732.893555,445.074036,753.113708,-737.439331,418.763245,501.673462,-702.520508,437.62088,385.269806,-687.835938,426.657043,93.295357,-632.857605,383.764618,37.07373,-856.971741,411.343597,61.328037
17,0,-733.399719,206.986343,484.346466,-750.474976,298.970459,481.314697,-712.102173,162.355682,113.184418,-710.810547,346.366241,105.410347,-857.24187,140.692702,970.588099,-849.334717,369.382202,962.864929,-685.036438,203.983566,1022.66571,-677.131165,284.760101,1021.73175,-767.479248,67.900162,693.684448,-741.258118,84.93354,509.962616,-718.641663,64.75386,363.763489,-692.602722,84.812912,110.998985,-636.661072,118.260155,39.849327,-861.079407,120.662056,63.84425,-732.81604,445.078003,753.112427,-737.389221,418.786438,501.665344,-702.469543,437.638275,385.259674,-687.815735,426.668488,93.284363,-632.839844,383.762573,37.08717,-856.984558,411.332214,61.330887
18,0,-733.390015,206.996445,484.340851,-750.368347,298.993256,481.262024,-712.106323,162.369812,113.184708,-710.820129,346.598297,105.580666,-857.184314,140.673507,970.605616,-849.277161,369.363007,962.882446,-684.979919,204.003632,1022.658081,-677.089233,284.768585,1021.736145,-767.455139,67.906769,693.686829,-741.255066,84.965622,509.938965,-718.659729,64.778267,363.74173,-692.581299,84.81002,111.001663,-636.680969,118.266884,39.83744,-861.075378,120.68737,63.830711,-732.789307,445.104279,753.110962,-737.334229,418.793945,501.666077,-702.427795,437.66571,385.252625,-687.799866,426.678406,93.280914,-632.868164,383.758911,37.059494,-856.980103,411.333008,61.32235
19,0,-733.401611,207.028168,484.35022,-750.245117,298.983856,481.273041,-712.091858,162.386765,113.171005,-710.841431,346.597382,105.605614,-857.140185,140.697982,970.59878,-849.233032,369.387482,962.87561,-684.937988,204.035889,1022.674194,-677.05127,284.797333,1021.75116,-767.448486,67.982147,693.679199,-741.275757,84.996063,509.969177,-718.662476,64.797195,363.779419,-692.590088,84.817093,111.001503,-636.670532,118.263794,39.852089,-861.089172,120.684029,63.837864,-732.718384,445.094391,753.109192,-737.282654,418.807373,501.677979,-702.377747,437.657715,385.234161,-687.78949,426.68042,93.275543,-632.876526,383.762421,37.06398,-856.974487,411.330505,61.325054
20,0,-733.434814,207.084625,484.348022,-749.797058,298.952026,481.328857,-712.091003,162.383255,113.177902,-710.816284,346.568878,105.603676,-857.087573,140.710341,970.61996,-849.18042,369.399841,962.89679,-684.879211,204.046783,1022.674194,-677.022095,284.805878,1021.752014,-767.452026,68.000511,693.663574,-741.289978,85.05764,509.942047,-718.677002,64.815964,363.779694,-692.596497,84.817917,111.005928,-636.677673,118.254768,39.849979,-861.086182,120.660728,63.83176,-732.672913,445.110962,753.106201,-737.253723,418.806549,501.675842,-702.3573,437.677673,385.249023,-687.7724,426.681885,93.285469,-632.866821,383.75824,37.047729,-856.983337,411.328186,61.342453
21,0,-733.445984,207.106018,484.353424,-749.675842,298.963165,481.325378,-712.112915,162.411438,113.180794,-710.823242,346.587555,105.592979,-857.026049,140.740859,970.61117,-849.118896,369.430359,962.888,-684.859985,204.058914,1022.677917,-677.007996,284.832916,1021.769287,-767.450134,68.00396,693.669067,-741.293396,85.067719,509.970245,-718.704224,64.823761,363.782349,-692.61438,84.826271,110.993126,-636.670593,118.261917,39.84824,-861.099976,120.686516,63.835167,-732.619812,445.119171,753.089172,-737.214783,418.815674,501.656219,-702.325928,437.686646,385.243835,-687.784485,426.703888,93.262932,-632.877258,383.746887,37.052174,-856.980469,411.324982,61.320969
22,0,-733.437622,207.136459,484.337189,-749.623352,298.971527,481.317383,-712.100952,162.427032,113.183334,-710.809998,346.595367,105.580231,-856.981128,140.724837,970.638941,-849.073975,369.414337,962.915771,-684.812561,204.075577,1022.674194,-676.980713,284.836273,1021.767944,-767.456909,68.030342,693.669312,-741.324524,85.117325,509.963928,-718.714172,64.852905,363.798462,-692.604309,84.813179,111.003601,-636.683228,118.254677,39.834763,-861.095886,120.672668,63.830593,-732.553467,445.125732,753.097778,-737.189819,418.827759,501.645874,-702.294678,437.685577,385.22998,-687.78009,426.69809,93.269287,-632.875488,383.765778,37.054344,-856.975769,411.31842,61.332001
23,0,-733.44104,207.171448,484.325195,-749.489258,298.947388,481.347351,-712.098755,162.443237,113.194778,-710.800171,346.602753,105.621025,-856.953845,140.747908,970.65359,-849.046692,369.437408,962.93042,-684.81134,204.085205,1022.672058,-676.957153,284.835236,1021.779419,-767.469727,68.03511,693.688293,-741.326416,85.138832,509.962982,-718.738831,64.860725,363.793549,-692.618103,84.830322,111.00927,-636.685425,118.252098,39.841801,-861.095581,120.686386,63.843147,-732.509033,445.127991,753.113342,-737.185242,418.842041,501.638702,-702.299377,437.679382,385.229095,-687.795471,426.688721,93.27375,-632.871826,383.7677,37.043476,-856.970032,411.313995,61.340324
24,0,-733.434875,207.174026,484.329895,-749.523193,298.997864,481.315094,-712.103943,162.441483,113.19487,-710.826416,346.628448,105.6064,-856.900012,140.804427,970.667689,-848.992859,369.493927,962.944519,-684.788757,204.086395,1022.679321,-676.928833,284.854736,1021.779663,-767.492126,68.063095,693.6828,-741.34613,85.146622,509.97049,-718.763916,64.881393,363.799866,-692.624878,84.838394,111.010918,-636.679504,118.264206,39.85236,-861.09375,120.702049,63.827679,-732.497681,445.139557,753.111694,-737.172302,418.858368,501.638458,-702.2854,437.697479,385.234253,-687.770874,426.711395,93.260284,-632.874512,383.763489,37.042797,-856.973572,411.318085,61.323433
25,0,-733.412842,207.183838,484.329254,-749.536316,298.97226,481.335052,-712.111267,162.459656,113.190117,-710.81189,346.619232,105.611801,-856.877917,140.760573,970.686305,-848.970764,369.450073,962.963135,-684.7724,204.077515,1022.677551,-676.909607,284.842743,1021.776428,-767.508423,68.079132,693.680542,-741.361267,85.158752,509.97876,-718.771118,64.9039,363.797974,-692.629578,84.835251,111.020004,-636.677124,118.255089,39.839622,-861.09259,120.705002,63.823021,-732.490967,445.149323,753.107117,-737.163818,418.863037,501.627197,-702.282349,437.719299,385.224457,-687.789978,426.720154,93.265205,-632.882141,383.759918,37.054276,-856.959412,411.301178,61.32373
26,0,-733.384766,207.18103,484.334198,-749.557129,298.9617,481.330261,-712.095825,162.466904,113.184921,-710.806396,346.623474,105.623642,-856.853747,140.778975,970.7344,-848.946594,369.468475,963.01123,-684.770447,204.077362,1022.652649,-676.889771,284.842407,1021.776672,-767.512634,68.100723,693.673401,-741.342346,85.180054,509.976562,-718.766785,64.905914,363.806091,-692.610535,84.844032,111.016029,-636.665955,118.258232,39.848419,-861.096558,120.714981,63.843502,-732.469482,445.159973,753.111328,-737.160339,418.866608,501.649445,-702.284058,437.702972,385.23349,-687.786194,426.714508,93.265015,-632.874939,383.772675,37.055664,-856.977783,411.315765,61.327969
27,0,-733.378784,207.196838,484.336792,-749.6922,298.967682,481.315979,-712.105103,162.465439,113.193161,-710.76886,346.638031,105.619057,-856.826159,140.780654,970.749842,-848.919006,369.470154,963.026672,-684.762268,204.057724,1022.633301,-676.872559,284.821503,1021.765259,-767.519592,68.122795,693.683228,-741.3479,85.187271,509.986053,-718.766479,64.903755,363.808228,-692.609924,84.843346,111.006279,-636.668335,118.263847,39.856178,-861.090942,120.716415,63.832752,-732.463318,445.170624,753.134094,-737.161194,418.851257,501.667664,-702.290405,437.717163,385.233307,-687.781433,426.719788,93.275864,-632.858093,383.763184,37.06142,-856.98291,411.303528,61.330223
28,0,-733.367981,207.181,484.345062,-749.705505,298.974243,481.314331,-712.111938,162.448364,113.169937,-710.815186,346.658417,105.649055,-856.812487,140.78041,970.756556,-848.905334,369.46991,963.033386,-684.758728,204.043549,1022.624512,-676.869995,284.806519,1021.75,-767.533875,68.10067,693.67572,-741.324524,85.155121,510.018707,-718.72876,64.901855,363.811432,-692.615112,84.845276,111.011665,-636.668396,118.266167,39.852032,-861.096069,120.717308,63.831135,-732.477905,445.194611,753.130127,-737.162537,418.860443,501.655151,-702.294067,437.707977,385.236877,-687.823242,426.706268,93.262871,-632.862183,383.768982,37.065586,-856.98468,411.302673,61.323986
29,0,-733.356567,206.90126,484.457703,-749.613586,298.978516,481.300354,-712.062195,162.217987,113.071983,-710.783875,346.624298,105.639732,-856.815783,140.747634,970.804774,-848.90863,369.437134,963.081604,-684.765503,204.042511,1022.596985,-676.867798,284.80661,1021.739624,-767.568665,68.14222,693.666809,-741.312317,85.177856,509.981445,-718.735229,64.893227,363.810059,-692.592834,84.831657,111.003281,-636.66571,118.268089,39.850315,-861.090759,120.692345,63.823746,-732.483826,445.19046,753.132324,-737.175293,418.874725,501.661652,-702.294922,437.717346,385.232239,-687.778015,426.715149,93.270348,-632.862427,383.779633,37.061089,-856.973816,411.289398,61.330406
30,0,-733.372498,207.097305,484.333679,-749.654846,298.99115,481.295532,-712.083618,162.412079,113.167458,-710.803955,346.657074,105.657509,-856.800158,140.788802,970.818507,-848.893005,369.478302,963.095337,-684.758789,204.016479,1022.583496,-676.851257,284.782715,1021.726868,-767.554565,68.106171,693.677673,-741.280212,85.14534,509.991638,-718.714478,64.89492,363.803253,-692.593079,84.842781,111.003036,-636.6651,118.244263,39.852085,-861.086304,120.697052,63.834831,-732.496155,445.176483,753.146118,-737.1828,418.865173,501.654968,-702.314331,437.738678,385.236938,-687.773987,426.699341,93.279091,-632.858826,383.774261,37.06403,-856.96759,411.291473,61.333832
31,0,-733.397705,207.111282,484.332672,-749.352356,298.929626,481.38147,-712.058838,162.188812,113.071098,-710.795349,346.674194,105.654961,-856.780139,140.789168,970.818812,-848.872986,369.478668,963.095642,-684.772278,204.008713,1022.564026,-676.856384,284.773376,1021.708374,-767.565491,68.09227,693.671082,-741.297241,85.167107,509.955994,-718.697021,64.896324,363.792206,-692.616089,84.843147,110.991119,-636.666443,118.267456,39.841991,-861.102905,120.685364,63.847801,-732.516418,445.186584,753.138611,-737.204895,418.870758,501.643188,-702.353577,437.735291,385.236877,-687.781799,426.711456,93.276123,-632.873474,383.760559,37.050774,-856.976868,411.294006,61.3214
32,0,-733.429138,207.111069,484.316772,-749.523743,298.942657,481.347992,-712.111023,162.410446,113.15876,-710.834961,346.661957,105.648132,-856.79198,140.780501,970.840052,-848.884827,369.470001,963.116882,-684.789856,204.009567,1022.565735,-676.860352,284.77121,1021.695862,-767.600403,68.096703,693.660522,-741.279907,85.134285,509.975189,-718.675842,64.889282,363.791504,-692.603821,84.8284,110.993103,-636.66156,118.265083,39.839962,-861.107239,120.695229,63.842079,-732.53418,445.211426,753.114563,-737.247437,418.864441,501.61911,-702.404175,437.748413,385.219971,-687.772339,426.677643,93.258957,-632.863831,383.764648,37.064152,-856.976013,411.293945,61.319984
33,0,-733.443176,207.1306,484.323334,-749.554871,298.952332,481.31601,-712.088684,162.393951,113.163467,-710.80365,346.626678,105.636131,-856.77257,140.804915,970.849269,-848.865417,369.494415,963.126099,-684.823364,204.006073,1022.540955,-676.873291,284.74765,1021.683105,-767.617859,68.097641,693.639465,-741.289062,85.116516,509.96637,-718.67804,64.882118,363.792816,-692.5979,84.822563,110.993874,-636.772339,118.187256,39.787914,-861.080261,120.677437,63.822224,-732.542175,445.207886,753.101135,-737.292786,418.860748,501.622253,-702.451477,437.73642,385.226898,-687.800049,426.664825,93.264572,-632.872192,383.737122,37.067112,-856.987122,411.305969,61.335323
34,0,-733.4552,207.101868,484.341644,-749.845154,298.936829,481.282593,-712.092773,162.392456,113.164963,-710.847229,346.654694,105.630424,-856.793933,140.806502,970.851527,-848.88678,369.496002,963.128357,-684.845032,203.99884,1022.532959,-676.904053,284.754761,1021.67926,-767.62738,68.109001,693.634033,-741.316467,85.121231,509.969879,-718.692993,64.890251,363.790161,-692.600769,84.833397,110.993401,-636.675171,118.253098,39.837776,-861.094788,120.698563,63.840622,-732.579529,445.20874,753.114319,-737.336182,418.886566,501.646759,-702.523376,437.734009,385.228943,-687.781433,426.661469,93.286293,-632.877747,383.747467,37.065582,-856.990234,411.295532,61.333668
35,0,-733.485718,206.879715,484.423706,-750.110107,298.906128,481.271515,-712.059998,162.190948,113.059769,-710.808533,346.62558,105.644409,-856.82854,140.764388,970.870631,-848.921387,369.453888,963.147461,-684.883301,203.980698,1022.510437,-676.912781,284.738647,1021.668884,-767.670349,68.102715,693.628479,-741.356628,85.132416,509.944031,-718.716919,64.877495,363.78418,-692.606079,84.830498,110.992218,-636.676697,118.246994,39.839825,-861.098999,120.685966,63.831306,-732.591919,445.181824,753.116394,-737.374207,418.858856,501.641205,-702.553162,437.741852,385.246643,-687.798157,426.681793,93.28109,-632.867065,383.722565,37.056023,-856.975525,411.290894,61.321445
36,0,-733.525818,206.915039,484.394409,-750.235229,298.964569,481.228424,-712.1073,162.393295,113.147087,-710.804504,346.356476,105.379913,-856.873828,140.758071,970.872828,-848.966675,369.447571,963.149658,-684.919373,203.972946,1022.495239,-676.948242,284.731873,1021.658325,-767.70343,68.118271,693.629456,-741.406128,85.147392,509.951416,-718.768799,64.896416,363.788544,-692.63385,84.840408,110.995842,-636.674072,118.255676,39.84034,-861.084961,120.689857,63.813953,-732.625488,445.166901,753.100952,-737.428345,418.848236,501.623993,-702.571899,437.725311,385.220825,-687.823059,426.671326,93.279099,-632.867737,383.747009,37.061325,-856.992188,411.291046,61.306526
37,0,-733.55072,207.140396,484.31958,-750.217285,298.902344,481.274017,-712.053833,162.213089,113.056076,-710.787659,346.344421,105.347481,-856.900195,140.752883,970.894374,-848.993042,369.442383,963.171204,-684.967102,203.968719,1022.486572,-676.98175,284.712524,1021.647461,-767.763428,68.112007,693.621338,-741.473511,85.166588,509.946838,-718.812378,64.907524,363.772095,-692.622437,84.842041,110.987106,-636.671814,118.271179,39.834431,-861.087952,120.699265,63.810474,-732.639832,445.155914,753.116821,-737.452942,418.834045,501.633301,-702.593628,437.718933,385.226257,-687.797974,426.655792,93.285965,-632.88446,383.740662,37.061928,-857.004883,411.276459,61.317089
38,0,-733.600891,207.14978,484.326782,-750.307739,298.908844,481.244049,-712.106018,162.439484,113.165771,-710.802063,346.54126,105.550179,-856.936755,140.764815,970.902552,-849.029602,369.454315,963.179382,-685.006897,203.933899,1022.482605,-677.016907,284.694,1021.655457,-767.821289,68.114716,693.627014,-741.517395,85.163925,509.958557,-718.870789,64.903671,363.784637,-692.631531,84.851959,111.006332,-636.680176,118.26413,39.841511,-861.097839,120.701057,63.817352,-732.67041,445.122406,753.125061,-737.456543,418.827576,501.635864,-702.597473,437.714386,385.2388,-687.800598,426.641357,93.295776,-632.879578,383.745819,37.064262,-856.98645,411.280853,61.321655
39,0,-733.63324,207.151978,484.312958,-750.269104,298.901123,481.225525,-712.046387,162.224014,113.026367,-710.795959,346.350922,105.345024,-856.985949,140.756179,970.932704,-849.078796,369.445679,963.209534,-685.063477,203.913574,1022.451782,-677.043884,284.674866,1021.642822,-767.885559,68.098602,693.608643,-741.583069,85.174637,509.91803,-718.894165,64.907852,363.779449,-692.627747,84.868187,110.996246,-636.684875,118.25827,39.82933,-861.096924,120.692329,63.809776,-732.718079,445.120728,753.122986,-737.476685,418.834808,501.625488,-702.62085,437.714752,385.220062,-687.825073,426.661896,93.277992,-632.860962,383.745789,37.079926,-856.998352,411.273499,61.310074
40,0,-733.68689,206.916641,484.385895,-750.295349,298.940399,481.210602,-712.097656,162.420212,113.127907,-710.848938,346.545654,105.553436,-857.040454,140.717299,970.938197,-849.133301,369.406799,963.215027,-685.13147,203.878525,1022.449463,-677.093994,284.652222,1021.636597,-767.94104,68.114258,693.597351,-741.636108,85.159462,509.90802,-718.93396,64.9263,363.767548,-692.618042,84.858315,111.006989,-636.693237,118.264679,39.834492,-861.108582,120.720711,63.7938,-732.765564,445.13385,753.105713,-737.474731,418.822083,501.607483,-702.625244,437.704742,385.217468,-687.819275,426.665314,93.283134,-632.886353,383.740173,37.065594,-856.999756,411.274567,61.301151
41,0,-733.720032,206.898819,484.393707,-750.254883,298.898682,481.214966,-712.107483,162.440506,113.134193,-710.847839,346.344666,105.358627,-857.108691,140.710097,970.944789,-849.201538,369.399597,963.221619,-685.172729,203.87204,1022.433411,-677.118591,284.632477,1021.624695,-767.981201,68.090508,693.598633,-741.700195,85.16655,509.886566,-718.976257,64.920265,363.752136,-692.630615,84.872467,110.994026,-636.664124,118.270325,39.850975,-861.103638,120.705193,63.809177,-732.816162,445.109772,753.131592,-737.495789,418.808105,501.63205,-702.625671,437.712952,385.239899,-687.804993,426.664978,93.283302,-632.873352,383.743988,37.066513,-857.005859,411.276184,61.305096
42,0,-733.765747,207.124069,484.294495,-750.260254,298.906067,481.237335,-712.097717,162.447693,113.139114,-710.833008,346.358185,105.364914,-857.146533,140.702956,970.920924,-849.23938,369.392456,963.197754,-685.23645,203.86412,1022.408752,-677.171631,284.614014,1021.597534,-768.047363,68.092567,693.580078,-741.727966,85.148193,509.906647,-719.007385,64.913589,363.766052,-692.624084,84.884911,111.011795,-636.675598,118.271919,39.834827,-861.085815,120.711273,63.822372,-732.887756,445.132568,753.122864,-737.513,418.831146,501.631378,-702.612305,437.695679,385.23468,-687.81604,426.670349,93.296974,-632.872192,383.748505,37.070797,-856.986816,411.26886,61.285278
43,0,-733.799805,206.912598,484.399139,-750.325623,298.905609,481.201874,-712.108948,162.447647,113.130104,-710.850769,346.584839,105.567146,-857.168017,140.723098,970.93661,-849.260864,369.412598,963.21344,-685.289185,203.850372,1022.392029,-677.203613,284.593628,1021.599792,-768.10968,68.088943,693.566589,-741.791016,85.147308,509.888336,-719.04657,64.915863,363.753448,-692.610229,84.884491,111.00248,-636.679993,118.270271,39.842194,-861.090088,120.705902,63.807426,-732.941162,445.112854,753.114502,-737.497192,418.826416,501.66745,-702.600037,437.683472,385.255707,-687.795776,426.672089,93.294243,-632.875427,383.74942,37.074745,-856.981384,411.271423,61.296585
44,0,-733.854187,207.143448,484.291077,-750.900269,299.689972,481.249084,-712.123108,162.43988,113.119476,-710.847717,346.381775,105.355453,-857.246447,140.66548,970.930445,-849.339294,369.35498,963.207275,-685.320251,203.833847,1022.386658,-677.25116,284.586823,1021.588196,-768.210205,68.06942,693.562134,-741.8526,85.152328,509.888824,-719.097107,64.893517,363.756409,-692.663452,84.890121,110.999222,-636.666687,118.272873,39.845448,-861.104065,120.706451,63.787476,-732.980042,445.104828,753.115967,-737.503174,418.821991,501.653778,-702.617065,437.675262,385.256134,-687.792236,426.68222,93.280075,-632.858093,383.757355,37.090073,-857.002563,411.265228,61.278522
45,0,-733.900696,207.143524,484.314026,-750.483337,298.996338,481.242218,-712.116333,162.431259,113.139854,-710.82373,346.353333,105.371063,-857.274585,140.622664,970.92483,-849.367432,369.312164,963.20166,-685.361816,203.811966,1022.378113,-677.279724,284.582733,1021.569702,-768.265625,68.026611,693.588379,-741.923767,85.141182,509.898956,-719.141418,64.886604,363.754913,-692.651855,84.870941,111.004486,-636.689209,118.268906,39.852642,-861.102722,120.710907,63.801125,-733.03479,445.089386,753.122925,-737.53656,418.824371,501.662506,-702.61615,437.651917,385.276947,-687.803772,426.684937,93.306335,-632.866577,383.745514,37.082394,-856.989014,411.245758,61.268196
46,0,-733.916687,207.112732,484.340363,-750.954163,299.575165,481.289886,-712.070374,162.209961,113.056213,-710.827087,346.359558,105.373306,-857.297961,140.610244,970.938136,-849.390808,369.299744,963.214966,-685.422485,203.792435,1022.369263,-677.337402,284.547913,1021.558411,-768.330811,68.027763,693.582275,-742.00061,85.129913,509.864746,-719.17041,64.879478,363.753998,-692.654907,84.872467,111.015381,-636.67981,118.258095,39.849575,-861.104004,120.706032,63.810467,-733.076721,445.081909,753.12793,-737.578125,418.796387,501.661713,-702.660461,437.629364,385.279907,-687.826782,426.655945,93.315002,-632.872009,383.734344,37.099331,-856.999817,411.24765,61.280136
47,0,-733.957581,207.101929,484.335632,-750.932861,299.576324,481.294159,-712.098999,162.231339,113.049706,-710.876221,346.356628,105.383331,-857.328418,140.618178,970.958583,-849.421265,369.307678,963.235413,-685.482483,203.761108,1022.367126,-677.363953,284.523438,1021.568909,-768.410645,67.998878,693.572632,-742.040527,85.122078,509.869812,-719.210693,64.884247,363.747375,-692.664246,84.88237,111.00042,-636.696838,118.257439,39.849972,-861.106812,120.718651,63.790829,-733.125061,445.048676,753.133179,-737.640259,418.785095,501.645203,-702.713806,437.627502,385.273804,-687.815979,426.654083,93.311905,-632.884399,383.746582,37.094475,-857.008179,411.257538,61.254738
48,0,-734.02356,207.095795,484.302979,-750.614197,298.932709,481.240173,-712.142151,162.442703,113.14447,-710.87616,346.559357,105.576607,-857.410205,140.581527,970.950221,-849.503052,369.271027,963.227051,-685.548462,203.735229,1022.363037,-677.410278,284.475342,1021.571167,-768.455383,67.977516,693.580444,-742.075439,85.106735,509.865448,-719.258057,64.876694,363.747528,-692.660034,84.882271,110.995033,-636.697632,118.255692,39.861908,-861.108459,120.707336,63.786625,-733.144409,445.051331,753.140625,-737.707214,418.749908,501.649811,-702.758484,437.62674,385.27536,-687.885376,426.629211,93.333046,-632.895081,383.721313,37.099064,-857.023865,411.251862,61.243763
49,0,-734.096313,207.092636,484.314972,-751.073608,299.546112,481.312592,-712.150146,162.445206,113.174301,-710.864746,346.338013,105.396088,-857.444018,140.559798,970.950709,-849.536865,369.249298,963.227539,-685.633179,203.70752,1022.374634,-677.463379,284.446228,1021.582703,-768.521667,67.968468,693.577087,-742.110107,85.111115,509.869629,-719.280701,64.882301,363.766663,-692.636292,84.875175,111.027039,-636.673279,118.266014,39.872616,-861.111206,120.700844,63.804367,-733.180176,444.99057,753.153687,-737.746094,418.726654,501.67514,-702.789124,437.601624,385.303223,-687.825195,426.641357,93.334274,-632.890076,383.739532,37.11327,-857.021179,411.235596,61.269394
50,0,-734.143188,207.085632,484.306152,-750.667175,298.902069,481.233521,-712.149658,162.440308,113.148346,-710.879456,346.539978,105.594833,-857.512927,140.509963,970.938807,-849.605774,369.199463,963.215637,-685.698975,203.66713,1022.380493,-677.50116,284.418579,1021.593323,-768.545898,67.949455,693.570068,-742.121704,85.093979,509.882629,-719.287231,64.883354,363.752289,-692.661133,84.876259,111.018669,-636.6922,118.264038,39.87228,-861.10144,120.687538,63.795216,-733.204346,444.959564,753.15094,-737.773132,418.682068,501.680328,-702.825256,437.572968,385.293243,-687.850403,426.637756,93.336823,-632.887329,383.743683,37.108337,-857.030273,411.244873,61.259945
51,0,-734.201538,207.101883,484.302673,-751.080688,299.551025,481.283417,-712.145691,162.441528,113.164757,-710.900574,346.533691,105.584724,-857.579638,140.509719,970.921595,-849.672485,369.199219,963.198425,-685.766418,203.632919,1022.396179,-677.572693,284.403259,1021.598694,-768.595215,67.943291,693.546448,-742.14093,85.089409,509.872192,-719.288452,64.896324,363.745605,-692.663208,84.892136,111.018326,-636.699524,118.270988,39.869839,-861.121643,120.714371,63.798981,-733.251221,444.902557,753.15094,-737.780396,418.673096,501.696655,-702.839905,437.551849,385.307587,-687.852295,426.631256,93.336006,-632.895691,383.72525,37.108009,-857.036194,411.243927,61.252941
52,0,-734.242065,207.097351,484.301941,-751.119995,299.550293,481.272247,-712.141357,162.442429,113.147812,-710.864624,346.308075,105.376808,-857.680591,140.483382,970.88888,-849.773438,369.172882,963.16571,-685.833679,203.605087,1022.382874,-677.627686,284.367523,1021.597595,-768.630127,67.8974,693.552429,-742.156738,85.088646,509.857239,-719.289734,64.881958,363.744385,-692.666077,84.888786,111.025192,-636.673279,118.279274,39.884354,-861.129089,120.709808,63.79406,-733.306946,444.862274,753.139404,-737.805054,418.649384,501.681335,-702.829529,437.51358,385.307129,-687.840576,426.612518,93.33123,-632.889465,383.734222,37.108894,-857.035461,411.242096,61.254635
53,0,-734.224731,207.080597,484.304443,-751.04895,299.499878,481.287048,-712.172913,162.466736,113.159019,-710.888184,346.539642,105.580757,-857.730456,140.456862,970.86642,-849.823303,369.146362,963.14325,-685.901367,203.578018,1022.381165,-677.701172,284.335266,1021.600708,-768.675964,67.885223,693.534546,-742.180237,85.087814,509.864197,-719.321045,64.899902,363.744476,-692.663818,84.893303,111.022087,-636.688904,118.28347,39.886719,-861.128418,120.705734,63.80666,-733.344971,444.822479,753.13031,-737.801514,418.635803,501.690155,-702.838806,437.524841,385.30542,-687.855652,426.628235,93.342606,-632.899536,383.738403,37.112125,-857.037903,411.250854,61.25676
54,0,-734.24292,207.085419,484.301453,-750.99408,299.482666,481.263,-712.141968,162.468033,113.145744,-710.835266,346.301941,105.37719,-857.777087,140.461959,970.836512,-849.869934,369.151459,963.113342,-685.995422,203.568207,1022.374023,-677.754944,284.310425,1021.593689,-768.715881,67.887001,693.503845,-742.195496,85.080544,509.844238,-719.31842,64.878052,363.733795,-692.648438,84.897774,111.026283,-636.68811,118.282028,39.880211,-861.11377,120.702911,63.804226,-733.399292,444.815491,753.118591,-737.804932,418.609833,501.680969,-702.832764,437.503418,385.295441,-687.873596,426.619781,93.336899,-632.888,383.742706,37.104107,-857.023254,411.24585,61.255177
55,0,-734.241821,207.094406,484.287994,-751.085022,299.501678,481.215027,-712.139343,162.474442,113.15966,-710.843079,346.278442,105.380119,-857.869006,140.410476,970.836146,-849.961853,369.099976,963.112976,-686.055054,203.541809,1022.370483,-677.825562,284.286194,1021.584778,-768.755981,67.853806,693.500671,-742.2323,85.0672,509.843597,-719.3573,64.867493,363.732666,-692.665161,84.901077,111.027161,-636.694214,118.275276,39.875935,-861.117859,120.708603,63.785633,-733.440552,444.783752,753.098816,-737.817932,418.585022,501.66745,-702.831055,437.496552,385.298553,-687.848083,426.621674,93.342888,-632.884521,383.730133,37.10944,-857.028625,411.241577,61.247078
56,0,-734.240173,207.075256,484.301025,-751.093872,299.476837,481.213623,-712.160522,162.479645,113.155518,-710.883301,346.291107,105.346741,-857.907519,140.396621,970.789637,-850.000366,369.086121,963.066467,-686.120605,203.512299,1022.363281,-677.866821,284.272491,1021.560913,-768.779114,67.835373,693.481384,-742.256165,85.052902,509.823456,-719.387878,64.855881,363.726257,-692.674438,84.902031,111.007111,-636.692017,118.274445,39.876244,-861.11554,120.713371,63.785053,-733.479065,444.781982,753.083008,-737.847046,418.593842,501.66272,-702.83252,437.500458,385.291534,-687.854736,426.62149,93.327225,-632.894348,383.725647,37.096939,-857.026611,411.245209,61.246368
57,0,-734.229431,207.060822,484.316345,-751.009644,299.45752,481.209564,-712.152832,162.487289,113.186668,-710.860657,346.26535,105.37175,-857.985827,140.35234,970.749964,-850.078674,369.04184,963.026794,-686.200928,203.488342,1022.359253,-677.933105,284.262085,1021.558899,-768.849243,67.802971,693.4823,-742.269226,85.019608,509.827911,-719.395752,64.822609,363.729492,-692.642883,84.873337,111.028198,-636.695679,118.271286,39.862667,-861.109497,120.686722,63.800373,-733.508789,444.76001,753.058899,-737.883667,418.554169,501.649384,-702.858032,437.480927,385.295013,-687.842407,426.620972,93.327271,-632.901611,383.729614,37.098171,-857.020142,411.243225,61.261032
58,0,-734.25647,207.033356,484.330811,-751.008301,299.383453,481.22348,-712.143372,162.485413,113.165085,-710.836975,346.270172,105.371788,-858.061938,140.291579,970.717372,-850.154785,368.981079,962.994202,-686.268372,203.460037,1022.350098,-677.988892,284.218414,1021.561279,-768.895996,67.763458,693.463013,-742.292969,84.9944,509.808533,-719.404358,64.811546,363.717712,-692.649597,84.864761,111.016701,-636.699646,118.271065,39.865231,-861.111633,120.69696,63.797153,-733.565002,444.757629,753.04541,-737.903564,418.550476,501.644684,-702.896423,437.506317,385.292053,-687.842468,426.61319,93.346024,-632.88385,383.719635,37.105625,-857.031433,411.228668,61.248985
59,0,-734.282043,207.029175,484.325745,-750.767029,299.361176,481.228363,-712.147095,162.487488,113.15873,-710.868408,346.267761,105.361511,-858.126757,140.237502,970.678248,-850.219604,368.927002,962.955078,-686.334839,203.420792,1022.352905,-678.062439,284.194183,1021.555298,-768.96936,67.736763,693.455078,-742.330994,84.990288,509.816467,-719.43634,64.788948,363.713409,-692.664795,84.881332,111.004784,-636.695923,118.26963,39.854797,-861.126099,120.691605,63.787312,-733.632507,444.726654,753.023865,-737.969666,418.496338,501.611176,-702.966797,437.479828,385.271088,-687.867065,426.638641,93.33345,-632.903931,383.715485,37.105621,-857.047241,411.232025,61.230236
60,0,-734.308472,207.020508,484.335236,-750.621033,299.427643,481.22049,-712.130676,162.495224,113.160233,-710.869507,346.269226,105.346085,-858.175219,140.204451,970.649317,-850.268066,368.893951,962.926147,-686.410034,203.371872,1022.348633,-678.115234,284.157013,1021.563416,-769.024597,67.726105,693.434143,-742.371643,84.965248,509.780396,-719.452271,64.777771,363.704102,-692.671143,84.8871,111.000038,-636.685242,118.268608,39.859112,-861.119995,120.695778,63.776562,-733.684021,444.693817,753.03717,-738.065552,418.467865,501.618042,-703.031128,437.466309,385.28299,-687.861328,426.609528,93.331558,-632.89325,383.723846,37.101624,-857.051697,411.225189,61.240959
61,0,-734.297119,206.990799,484.349762,-746.107971,297.381165,483.517578,-712.140564,162.491409,113.164436,-710.868042,346.268158,105.345688,-858.206958,140.201827,970.616053,-850.299805,368.891327,962.892883,-686.498108,203.351013,1022.348145,-678.170349,284.117706,1021.575073,-769.074219,67.711014,693.423279,-742.395203,84.962395,509.80127,-719.487,64.767708,363.68866,-692.671448,84.892036,111.020363,-636.693909,118.268921,39.864826,-861.131226,120.699661,63.770741,-733.744934,444.668396,753.009155,-738.1297,418.453857,501.61673,-703.117737,437.467529,385.284851,-687.87085,426.615387,93.350479,-632.89679,383.717621,37.10038,-857.057373,411.221619,61.234264
62,0,-734.31897,206.997559,484.373505,-746.167236,297.407379,483.478363,-712.137268,162.509262,113.161835,-710.892517,346.46637,105.575676,-858.282824,140.160689,970.621302,-850.375671,368.850189,962.898132,-686.574585,203.291504,1022.356018,-678.226929,284.067596,1021.56958,-769.148621,67.706184,693.420349,-742.428345,84.947487,509.792206,-719.50415,64.768906,363.698456,-692.680115,84.905571,111.011055,-636.688416,118.253815,39.85659,-861.125854,120.696358,63.786842,-733.811401,444.641632,753.03717,-738.214844,418.425842,501.599365,-703.170898,437.427856,385.288208,-687.892822,426.595581,93.35881,-632.909607,383.715851,37.12307,-857.060242,411.224976,61.252182
63,0,-734.337219,206.969284,484.362549,-746.204773,297.402496,483.518372,-712.145569,162.511551,113.162567,-710.86792,346.239716,105.356979,-858.348681,140.149917,970.606227,-850.441528,368.839417,962.883057,-686.655212,203.237991,1022.354858,-678.30603,284.038177,1021.573425,-769.213013,67.708748,693.400269,-742.476868,84.952812,509.792145,-719.527405,64.751709,363.70752,-692.676025,84.910339,111.022606,-636.685913,118.271873,39.857971,-861.134338,120.704178,63.793652,-733.647644,444.885742,753.018188,-738.28363,418.401642,501.587677,-703.233398,437.416199,385.295685,-687.932373,426.587524,93.374916,-632.892456,383.71814,37.150688,-857.060242,411.233154,61.237091
64,0,-734.345764,206.961105,484.37204,-746.189819,297.33847,483.55368,-712.118225,162.520599,113.159325,-710.879211,346.238464,105.352867,-858.406543,140.137374,970.596888,-850.49939,368.826874,962.873718,-686.733215,203.197067,1022.370483,-678.367798,283.964294,1021.589905,-769.265625,67.707855,693.404236,-742.496033,84.925766,509.814453,-719.576538,64.757744,363.698303,-692.666382,84.930336,111.013397,-636.689636,118.267624,39.858215,-861.133911,120.722572,63.792198,-733.702881,444.864197,753.027649,-738.294067,418.371338,501.598358,-703.248962,437.397491,385.310883,-687.922913,426.584167,93.370003,-632.882446,383.710022,37.140362,-857.063599,411.239532,61.235363
65,0,-734.383057,206.961899,484.390411,-746.178284,297.27832,483.597046,-712.134705,162.532425,113.182449,-710.891968,346.228577,105.374138,-858.459277,140.106673,970.585047,-850.552124,368.796173,962.861877,-686.811401,203.155304,1022.371399,-678.441467,283.923492,1021.595337,-769.33551,67.693977,693.399414,-742.552551,84.929604,509.803345,-719.593323,64.741608,363.709778,-692.680054,84.929268,111.038315,-636.678894,118.274109,39.881901,-861.135193,120.721245,63.800411,-733.725952,444.834625,753.040955,-738.31311,418.362976,501.615631,-703.257996,437.370789,385.321411,-687.902588,426.588257,93.382034,-632.888123,383.709412,37.147324,-857.06842,411.250244,61.252998
66,0,-734.387329,206.953568,484.402344,-746.213684,297.264771,483.608337,-712.148621,162.526825,113.161903,-710.895447,346.228455,105.359222,-858.538134,140.094191,970.570216,-850.630981,368.783691,962.847046,-686.875366,203.109482,1022.367859,-678.495605,283.885254,1021.599426,-769.396484,67.658699,693.397095,-742.571838,84.916138,509.804657,-719.623352,64.739449,363.708527,-692.683105,84.928001,111.027176,-636.677979,118.277626,39.881653,-861.139954,120.722511,63.786125,-733.755371,444.801331,753.031555,-738.306946,418.344086,501.628387,-703.245422,437.336609,385.329773,-687.903076,426.575623,93.375603,-632.872559,383.706146,37.155945,-857.067261,411.241058,61.230488
67,0,-734.431091,206.918198,484.420532,-746.283691,297.278839,483.556061,-712.148743,162.525528,113.164551,-710.916321,346.435577,105.565147,-858.616443,140.047316,970.541285,-850.70929,368.736816,962.818115,-686.9552,203.065628,1022.354492,-678.5448,283.835144,1021.590942,-769.468933,67.629211,693.399841,-742.635132,84.91568,509.803009,-719.64447,64.724144,363.70462,-692.684021,84.927452,111.02272,-636.698364,118.279686,39.873398,-861.134888,120.71804,63.796646,-733.751587,444.748688,753.031128,-738.298096,418.327271,501.636078,-703.219727,437.320618,385.322723,-687.945068,426.549896,93.376831,-632.874939,383.71579,37.15379,-857.070679,411.231445,61.227428
68,0,-734.497192,206.922562,484.423187,-746.289429,297.273956,483.548645,-712.171814,162.516022,113.173531,-710.925964,346.43811,105.554001,-858.650073,140.042342,970.536158,-850.74292,368.731842,962.812988,-687.014832,203.035675,1022.3479,-678.614441,283.820068,1021.590088,-769.554504,67.611794,693.382568,-742.665527,84.864761,509.812653,-719.677185,64.72612,363.701508,-692.693359,84.923889,111.027763,-636.677795,118.289581,39.893631,-861.142517,120.723824,63.801186,-733.775696,444.727753,753.029053,-738.277527,418.316101,501.627441,-703.207031,437.305298,385.335266,-687.902771,426.58313,93.380669,-632.891418,383.713776,37.154652,-857.068909,411.237061,61.233311
69,0,-734.536682,206.895798,484.413086,-746.418152,297.324951,483.476318,-712.162598,162.524979,113.162125,-710.90802,346.440247,105.54512,-858.723315,139.977034,970.510646,-850.816162,368.666534,962.787476,-687.087524,202.997437,1022.336609,-678.675171,283.762024,1021.576294,-769.610229,67.594231,693.386108,-742.724487,84.856361,509.782013,-719.712158,64.707954,363.6875,-692.696655,84.914909,111.026749,-636.705139,118.285629,39.870472,-861.141174,120.715385,63.788319,-733.769958,444.710876,752.996643,-738.282043,418.302795,501.621796,-703.186829,437.283417,385.329498,-687.905273,426.574799,93.37693,-632.895264,383.701691,37.145294,-857.076416,411.233063,61.232006
70,0,-734.624146,206.881195,484.411255,-746.465332,297.329376,483.442657,-712.158997,162.522827,113.174095,-710.912415,346.229919,105.341484,-858.774463,139.954146,970.481898,-850.86731,368.643646,962.758728,-687.143372,202.960678,1022.326233,-678.728333,283.739532,1021.577454,-769.661621,67.572327,693.381104,-742.752014,84.860718,509.780273,-719.743103,64.695992,363.696167,-692.695801,84.907852,111.031013,-636.69928,118.285004,39.870064,-861.146301,120.724052,63.780167,-733.778625,444.686676,753.004028,-738.280762,418.292786,501.617065,-703.187927,437.29834,385.327057,-687.922363,426.556396,93.385841,-632.881592,383.707428,37.152519,-857.069885,411.249084,61.231995
71,0,-734.671387,206.881485,484.404633,-746.537354,297.328217,483.389679,-712.152527,162.541489,113.172997,-710.90448,346.20575,105.338577,-858.835254,139.904525,970.463404,-850.928101,368.594025,962.740234,-687.218079,202.93277,1022.32373,-678.787598,283.683563,1021.562927,-769.706604,67.550354,693.360229,-742.804993,84.816116,509.777435,-719.76947,64.684341,363.682556,-692.694214,84.90802,111.032059,-636.952637,118.121979,39.734978,-861.143066,120.715935,63.779755,-733.780579,444.665955,752.996704,-738.293457,418.276367,501.611664,-703.202454,437.274567,385.331635,-687.917908,426.553162,93.376167,-632.907471,383.689667,37.131153,-857.074036,411.228607,61.223827
72,0,-734.718994,206.82756,484.391266,-746.540039,297.293701,483.413727,-712.166992,162.540466,113.160538,-710.941406,346.218781,105.351677,-858.893908,139.872512,970.440089,-850.986755,368.562012,962.716919,-687.280518,202.919815,1022.326355,-678.855774,283.674774,1021.562439,-769.741028,67.531395,693.383545,-742.836975,84.807091,509.79425,-719.809753,64.689079,363.686157,-692.710083,84.909782,111.03167,-636.691528,118.278648,39.880333,-861.149536,120.731827,63.758709,-733.819458,444.644836,752.988892,-738.332642,418.244324,501.607239,-703.228943,437.236603,385.335602,-687.921387,426.552917,93.381767,-632.894592,383.705383,37.166336,-857.067078,411.233582,61.225433
73,0,-734.741699,206.82486,484.3797,-746.646545,297.307495,483.361908,-712.177124,162.543045,113.176361,-710.908875,346.192322,105.341324,-858.94707,139.820235,970.406214,-851.039917,368.509735,962.683044,-687.354309,202.872482,1022.340393,-678.921387,283.63382,1021.552917,-769.798462,67.492783,693.355591,-742.908691,84.80584,509.763489,-719.846497,64.677338,363.68457,-692.703003,84.907906,111.029175,-636.687073,118.288422,39.87981,-861.15387,120.720596,63.763924,-733.843872,444.632751,752.98999,-738.372864,418.217682,501.602112,-703.275757,437.210724,385.342407,-687.943909,426.545135,93.380966,-632.892456,383.681763,37.150188,-857.06781,411.230743,61.210602
74,0,-734.795715,206.848785,484.393311,-746.644592,297.282104,483.368134,-712.157043,162.553909,113.165565,-710.899841,346.189301,105.344948,-858.978747,139.799331,970.402613,-851.071594,368.488831,962.679443,-687.417358,202.812393,1022.325256,-678.980774,283.595123,1021.5578,-769.842773,67.473854,693.350586,-742.941528,84.792061,509.758057,-719.876526,64.671356,363.696991,-692.707275,84.926674,111.033966,-636.693237,118.289185,39.880871,-861.15155,120.731567,63.77039,-733.896301,444.59201,752.979431,-738.405029,418.188782,501.592926,-703.317505,437.179047,385.34317,-687.923218,426.536255,93.389214,-632.884827,383.700989,37.157051,-857.080322,411.246643,61.218193
75,0,-734.81073,206.800217,484.399017,-746.666138,297.250732,483.376129,-712.162354,162.533417,113.166634,-710.921753,346.18454,105.334351,-859.045581,139.747146,970.40298,-851.138428,368.436646,962.67981,-687.481995,202.780975,1022.327759,-679.03656,283.543915,1021.561523,-769.908203,67.454765,693.347412,-742.955811,84.73423,509.751373,-719.905273,64.662407,363.678558,-692.702637,84.91581,111.028641,-636.709961,118.274254,39.879021,-861.15625,120.716362,63.764938,-733.932861,444.591583,753.003662,-738.479614,418.150879,501.609619,-703.363586,437.155273,385.342316,-687.935852,426.542358,93.410774,-632.890991,383.689636,37.156662,-857.08667,411.240692,61.207058
76,0,-734.805786,206.786011,484.408752,-746.709595,297.235992,483.417633,-712.18866,162.54303,113.18087,-710.917175,346.176361,105.37014,-859.104724,139.723281,970.399562,-851.197571,368.412781,962.676392,-687.546936,202.740509,1022.345642,-679.092957,283.510315,1021.569519,-769.949036,67.425568,693.362305,-742.991394,84.751106,509.759949,-719.921265,64.645889,363.680359,-692.695679,84.918495,111.056488,-636.694458,118.289932,39.889599,-861.150513,120.716789,63.770042,-733.973206,444.58139,753.006042,-738.516357,418.110016,501.619934,-703.394104,437.12793,385.356171,-687.943481,426.527496,93.413681,-632.894836,383.720917,37.167683,-857.096313,411.239227,61.213005
77,0,-734.813477,206.786621,484.38623,-746.722595,297.176666,483.420471,-712.179749,162.532822,113.166176,-710.924561,346.172089,105.355461,-859.145495,139.700637,970.383631,-851.238342,368.390137,962.660461,-687.622681,202.682068,1022.335266,-679.160767,283.475677,1021.570312,-770.004944,67.401962,693.333618,-743.053528,84.699997,509.751801,-719.950073,64.627632,363.689453,-692.709229,84.926994,111.045227,-636.703674,118.296066,39.879395,-861.141418,120.727005,63.758625,-734.065796,444.56015,753.024292,-738.575439,418.07782,501.614868,-703.426514,437.1091,385.353943,-687.942261,426.514404,93.412407,-632.894287,383.70517,37.176502,-857.085815,411.22229,61.199383
78,0,-734.837585,206.750977,484.39801,-746.874146,297.26828,483.332581,-712.190063,162.542831,113.179283,-710.935974,346.172485,105.375351,-859.204394,139.680373,970.383509,-851.297241,368.369873,962.660339,-687.684692,202.644669,1022.338501,-679.217712,283.429443,1021.575684,-770.057129,67.373222,693.360107,-743.062683,84.696381,509.757507,-719.992493,64.619217,363.694763,-692.715027,84.918533,111.049667,-636.687866,118.302544,39.8918,-861.155518,120.733414,63.778324,-734.147339,444.509521,753.03064,-738.646057,418.065002,501.609314,-703.468323,437.088867,385.366791,-687.951416,426.514221,93.420563,-632.888245,383.719421,37.188042,-857.081848,411.21936,61.205513
79,0,-734.865967,206.732315,484.402008,-746.892029,297.230072,483.330322,-712.156677,162.542404,113.187256,-710.955994,346.187378,105.343842,-859.257922,139.645034,970.391078,-851.350769,368.334534,962.667908,-687.758667,202.607941,1022.334106,-679.287659,283.384857,1021.570679,-770.117371,67.34864,693.339478,-743.103027,84.677483,509.764069,-720.050842,64.609787,363.657135,-692.713745,84.904358,111.063644,-636.686951,118.283554,39.888947,-861.15686,120.732918,63.772255,-734.456238,444.10556,753.053223,-738.687378,418.076965,501.623383,-703.520691,437.065948,385.373718,-687.944641,426.505219,93.422195,-632.901367,383.687195,37.204479,-857.098633,411.22818,61.197136
80,0,-734.921509,206.710938,484.405762,-746.921875,297.234436,483.346344,-712.172668,162.529785,113.165833,-710.952454,346.193024,105.374008,-859.339404,139.576583,970.378749,-851.432251,368.266083,962.655579,-687.827881,202.561707,1022.3479,-679.324036,283.343964,1021.573425,-770.173462,67.315773,693.354736,-743.129761,84.641426,509.758606,-720.06134,64.603706,363.661591,-692.711731,84.911308,111.042099,-636.684448,118.297684,39.900375,-861.161987,120.71891,63.787235,-734.519287,444.056671,753.044495,-738.684326,418.023499,501.603485,-703.528442,437.080292,385.39978,-687.961487,426.504242,93.420151,-632.903625,383.711456,37.203266,-857.102722,411.226562,61.183212
81,0,-734.936768,206.705109,484.401398,-746.925354,297.176453,483.341278,-712.164795,162.540161,113.162201,-710.947632,346.182617,105.35257,-859.388965,139.544509,970.373194,-851.481812,368.234009,962.650024,-687.879395,202.50708,1022.326477,-679.396667,283.294586,1021.562805,-770.226746,67.271736,693.345276,-743.178162,84.62648,509.743347,-720.079834,64.586243,363.660797,-692.722717,84.914711,111.052345,-636.687744,118.299644,39.890911,-861.166626,120.725212,63.772911,-734.558472,444.00705,753.031982,-738.712769,417.991241,501.628448,-703.560425,436.998718,385.38559,-687.954712,426.510712,93.432755,-632.892456,383.70813,37.20583,-857.103149,411.217529,61.17672
82,0,-734.990112,206.684906,484.401489,-746.862366,297.07431,483.39444,-712.178101,162.538269,113.165436,-710.959961,346.183136,105.351097,-859.43938,139.51982,970.357447,-851.532227,368.20932,962.634277,-687.932556,202.479874,1022.316956,-679.429565,283.275391,1021.550781,-770.289856,67.26078,693.326965,-743.195557,84.589302,509.757172,-720.081055,64.565697,363.654907,-692.723938,84.926674,111.031509,-636.7005,118.289696,39.89941,-861.15564,120.721214,63.75967,-734.61145,443.965118,753.04541,-738.705933,417.973663,501.624573,-703.572693,436.993896,385.400665,-687.97406,426.50415,93.440186,-632.911621,383.702454,37.200531,-857.107361,411.21106,61.18837
83,0,-735.018738,206.662811,484.406952,-746.977356,297.102966,483.30719,-712.170593,162.527039,113.164307,-710.955688,346.167633,105.37442,-859.524218,139.471511,970.35287,-851.617065,368.161011,962.6297,-688.020081,202.467209,1022.305847,-679.484253,283.241974,1021.538879,-770.357361,67.231323,693.327942,-743.22937,84.570808,509.746368,-720.119507,64.556282,363.644531,-692.725342,84.925896,111.036079,-636.706604,118.287041,39.893642,-861.173645,120.720566,63.757317,-734.672729,443.951019,753.027771,-738.720825,417.945221,501.63382,-703.574768,436.98999,385.407898,-687.952087,426.505981,93.445183,-632.913696,383.699249,37.199829,-857.11615,411.205536,61.17984
84,0,-735.064819,206.669067,484.410889,-747.001343,297.107178,483.294373,-712.195068,162.548859,113.166954,-710.934265,346.150696,105.362831,-859.568225,139.419204,970.342799,-851.661072,368.108704,962.619629,-688.061523,202.43309,1022.297852,-679.528015,283.180481,1021.542297,-770.419617,67.204582,693.315857,-743.296143,84.55484,509.729919,-720.152039,64.550705,363.64856,-692.731262,84.931763,111.032272,-636.701111,118.289757,39.896828,-861.169861,120.722443,63.75499,-734.715942,443.908356,753.022888,-738.757568,417.911041,501.620178,-703.604919,436.978302,385.397491,-687.979065,426.507416,93.430511,-632.921692,383.6987,37.199383,-857.106262,411.20517,61.167305
85,0,-735.128174,206.663254,484.417236,,,,-712.167175,162.545639,113.165306,-710.960876,346.147278,105.35463,-859.609729,139.398848,970.329432,-851.702576,368.088348,962.606262,-688.126953,202.390091,1022.282837,-679.56665,283.152466,1021.509766,-770.474731,67.177841,693.30481,-743.335754,84.542122,509.72818,-720.223816,64.543175,363.638031,-692.739075,84.922119,111.031082,-636.685852,118.292252,39.900745,-861.163452,120.718506,63.736588,-734.751648,443.880188,753.015259,-738.778503,417.901428,501.60968,-703.610474,436.941681,385.406799,-687.952148,426.486481,93.43261,-632.930969,383.703308,37.193768,-857.115295,411.216187,61.169319
86,0,-735.163147,206.613815,484.414398,-747.028259,297.005615,483.32663,-712.181824,162.542252,113.164108,-710.973938,346.161102,105.353264,-859.642016,139.387221,970.321559,-851.734863,368.076721,962.598389,-688.169434,202.350723,1022.275208,-679.619995,283.108643,1021.493774,-770.534607,67.141441,693.309509,-743.398376,84.528816,509.728027,-720.252258,64.533279,363.640594,-692.747314,84.922684,111.04818,-636.701477,118.272743,39.889606,-861.15509,120.697395,63.756599,-734.808228,443.847687,753.024231,-738.849548,417.870209,501.61673,-703.640564,436.911896,385.428223,-687.99762,426.477325,93.45031,-632.934631,383.691772,37.210056,-857.118591,411.208862,61.165981
87,0,-735.187622,206.611298,484.411224,-747.043091,296.972809,483.354736,-712.183289,162.536163,113.179031,-710.962891,346.110413,105.373741,-859.671618,139.370437,970.314112,-851.764465,368.059937,962.590942,-688.242859,202.329605,1022.248413,-679.653687,283.083527,1021.490479,-770.595032,67.120087,693.300293,-743.443542,84.508759,509.718597,-720.281128,64.536339,363.644623,-692.743225,84.933212,111.041878,-636.708923,118.27977,39.895561,-861.176758,120.724541,63.768456,-734.848145,443.82489,753.03125,-738.881531,417.84552,501.609863,-703.67749,436.893036,385.42984,-687.971008,426.486145,93.453156,-632.948792,383.707611,37.209187,-857.108704,411.219116,61.155315
88,0,-735.240906,206.610855,484.379395,-751.885925,298.769989,481.115356,-712.192688,162.54332,113.164948,-710.995911,346.121307,105.34613,-859.733386,139.339278,970.308985,-851.826233,368.028778,962.585815,-688.282837,202.279037,1022.247192,-679.695374,283.035156,1021.481018,-770.681335,67.136574,693.275269,-743.482239,84.508316,509.716095,-720.327881,64.539345,363.62027,-692.744446,84.928917,111.034645,-636.70697,118.291656,39.895546,-861.163818,120.715988,63.743004,-734.881836,443.794434,753.025208,-738.912109,417.818909,501.589539,-703.710876,436.861725,385.419647,-687.975037,426.478027,93.454185,-632.951355,383.693268,37.215611,-857.119751,411.212891,61.152695
89,0,-735.287659,206.617004,484.532776,-751.769958,298.765747,481.097687,-712.194702,162.541199,113.166634,-710.994446,346.108856,105.361023,-859.795642,139.302504,970.300135,-851.888489,367.992004,962.576965,-688.341919,202.24527,1022.25531,-679.749146,282.997253,1021.463379,-770.743408,67.102997,693.277527,-743.504272,84.499229,509.722778,-720.351501,64.516289,363.631561,-692.726807,84.929146,111.049171,-636.708862,118.300591,39.895519,-861.165283,120.728333,63.751938,-734.956543,443.753235,753.028748,-738.964783,417.79892,501.594238,-703.726074,436.841614,385.432495,-688.00647,426.485138,93.461952,-632.920105,383.681213,37.231911,-857.123657,411.204498,61.147148
90,0,-735.322754,206.520859,484.417267,-747.123718,296.866455,483.332642,-712.187439,162.545227,113.160393,-710.974121,346.103668,105.344864,-859.843249,139.289534,970.302577,-851.936096,367.979034,962.579407,-688.387878,202.202072,1022.243286,-679.785889,282.956818,1021.460999,-770.79071,67.068207,693.284912,-743.555786,84.490097,509.709351,-720.37384,64.523857,363.629425,-692.758545,84.933601,111.040718,-636.700134,118.293167,39.911182,-861.173828,120.718529,63.745655,-734.995117,443.733704,753.012024,-738.986633,417.789398,501.607178,-703.768188,436.830322,385.43866,-687.987732,426.460541,93.46357,-632.916992,383.67804,37.237881,-857.126892,411.210419,61.160007
91,0,-735.367188,206.52153,484.423309,-747.079041,296.82373,483.438904,-712.184448,162.540344,113.175819,-710.998047,346.131989,105.35836,-859.884021,139.297133,970.297389,-851.976868,367.986633,962.574219,-688.445557,202.163971,1022.22229,-679.830627,282.905579,1021.45575,-770.873352,67.060333,693.282837,-743.60199,84.484894,509.723602,-720.398438,64.510902,363.634033,-692.761597,84.938568,111.046188,-636.699646,118.298943,39.911518,-861.165955,120.721794,63.750328,-734.986633,443.677826,753.012451,-739.010315,417.767548,501.620758,-703.881958,436.561523,385.385834,-687.98291,426.462158,93.473976,-632.940918,383.688629,37.226391,-857.130554,411.199036,61.158272
92,0,-735.418457,206.587357,484.505157,-747.197754,296.844727,483.366028,-712.204956,162.551208,113.163124,-710.995483,346.133698,105.333122,-859.952197,139.255141,970.305873,-852.045044,367.944641,962.582703,-688.502441,202.123062,1022.227661,-679.888672,282.86499,1021.453491,-770.936462,67.023041,693.266235,-743.637939,84.471703,509.69397,-720.430908,64.522064,363.61792,-692.761597,84.941376,111.041298,-636.698975,118.295876,39.920708,-861.185791,120.750534,63.742996,-735.031128,443.639435,753.029785,-739.03772,417.744812,501.621674,-703.904724,436.541138,385.395294,-688.020508,426.463318,93.466278,-632.942078,383.691406,37.236294,-857.137573,411.206604,61.140484
93,0,-735.4599,206.602921,484.52179,-747.262085,296.877899,483.327484,-712.18512,162.536819,113.167473,-710.984558,346.108215,105.345566,-859.968371,139.258498,970.285365,-852.061218,367.947998,962.562195,-688.582275,202.093658,1022.218445,-679.936462,282.824249,1021.44397,-770.993164,66.991768,693.26593,-743.663635,84.466774,509.703705,-720.471497,64.507339,363.631744,-692.744385,84.925812,111.049889,-636.691223,118.300491,39.923264,-861.178406,120.728455,63.758671,-734.889404,443.868683,753.017395,-739.052856,417.732361,501.631622,-703.917053,436.513947,385.39563,-687.990356,426.458344,93.482529,-632.9375,383.686798,37.236176,-857.134583,411.204193,61.152634
94,0,-735.478271,206.582611,484.52179,-747.277466,296.896088,483.303101,-712.198669,162.541626,113.180168,-711.021851,346.114899,105.340309,-860.026843,139.201613,970.283107,-852.11969,367.891113,962.559937,-688.643555,202.044937,1022.222534,-680.001953,282.78775,1021.445862,-771.056213,66.965836,693.255737,-743.706787,84.454475,509.688141,-720.493591,64.509171,363.61261,-692.755615,84.928642,111.053352,-636.699341,118.294151,39.913532,-861.173096,120.728043,63.73951,-735.087708,443.573792,753.043579,-739.044495,417.720734,501.639008,-703.909241,436.510437,385.410431,-688.009094,426.457458,93.486565,-632.93811,383.682373,37.224571,-857.131348,411.21106,61.15752
95,0,-735.497925,206.56842,484.521027,-747.84906,297.150146,482.494202,-712.193604,162.536972,113.177246,-711.025024,346.132812,105.319145,-860.071093,139.18608,970.278163,-852.16394,367.87558,962.554993,-688.694641,202.02507,1022.216919,-680.036377,282.756836,1021.429443,-771.113281,66.946472,693.265503,-743.743835,84.429489,509.693207,-720.532288,64.496521,363.622406,-692.772888,84.927269,111.051163,-636.710999,118.287552,39.913986,-861.192932,120.72673,63.747242,-735.127136,443.551422,753.040344,-739.053101,417.695068,501.63205,-703.90448,436.495117,385.419403,-688.062805,426.440796,93.480133,-632.937683,383.665192,37.242825,-857.142395,411.19455,61.147514
96,0,-735.506714,206.602753,484.556427,-748.280334,297.601044,482.090881,-712.201355,162.532944,113.165215,-710.989197,346.117004,105.339256,-860.102343,139.137679,970.279078,-852.19519,367.827179,962.555908,-688.745789,201.975845,1022.206909,-680.096741,282.719238,1021.421692,-771.1651,66.924789,693.261292,-743.77948,84.396385,509.69516,-720.532043,64.468285,363.619019,-692.769165,84.916168,111.048088,-636.711731,118.294312,39.924961,-861.168518,120.707939,63.731216,-734.967407,443.809845,753.006104,-739.035156,417.678497,501.626373,-703.880798,436.48291,385.412811,-688.000732,426.441772,93.484238,-632.937744,383.682343,37.233047,-857.130737,411.193542,61.142281
97,0,-735.551086,206.590179,484.527985,-748.284241,297.575531,482.140076,-712.204468,162.529633,113.171974,-711.010681,346.105896,105.33651,-860.126574,139.125228,970.261866,-852.219421,367.814728,962.538696,-688.820251,201.951828,1022.210266,-680.140991,282.696838,1021.426819,-771.212769,66.881638,693.26355,-743.823914,84.398354,509.688507,-720.59436,64.458633,363.628357,-692.771179,84.914017,111.046455,-636.69696,118.291634,39.933453,-861.198181,120.716263,63.732826,-734.984802,443.771393,753.009949,-739.043457,417.6716,501.632263,-703.889832,436.471649,385.417969,-688.004272,426.457001,93.487343,-632.951904,383.670074,37.23634,-857.1297,411.197052,61.13892
98,0,-735.577576,206.588104,484.544495,-748.305237,297.566681,482.136627,-712.208679,162.542191,113.182861,-711.028076,346.105255,105.325478,-860.14281,139.114425,970.262843,-852.235657,367.803925,962.539673,-688.864136,201.917847,1022.206299,-680.179382,282.65152,1021.41333,-771.291199,66.884132,693.252014,-743.868164,84.378067,509.689331,-720.613464,64.441322,363.618652,-692.772034,84.923042,111.042671,-636.702454,118.283096,39.91024,-861.18103,120.725891,63.73489,-734.993469,443.757416,753.011841,-739.047058,417.636871,501.637634,-703.817566,436.644928,385.465729,-688.00293,426.451477,93.494667,-632.932861,383.678101,37.224033,-857.13501,411.200043,61.158707
99,0,-735.594177,206.601074,484.548584,-748.298706,297.550507,482.156158,-712.204224,162.536407,113.193962,-710.982727,346.095398,105.336594,-860.190844,139.068709,970.269435,-852.283691,367.758209,962.546265,-688.913696,201.866486,1022.199036,-680.207397,282.620636,1021.420227,-771.364746,66.872757,693.245728,-743.925781,84.376488,509.670685,-720.651001,64.418999,363.626312,-692.759521,84.9244,111.067268,-636.701538,118.296112,39.929405,-861.171387,120.716568,63.753082,-734.993225,443.721466,753.012634,-739.087097,417.63855,501.639191,-703.810486,436.61972,385.467346,-688.000122,426.437134,93.491295,-632.933899,383.662415,37.237988,-857.131226,411.193542,61.153435
100,0,-735.636597,206.388824,484.433441,-748.350586,297.554993,482.106506,-712.23053,162.525742,113.17981,-711.002197,346.099182,105.335556,-860.195727,139.076186,970.247767,-852.288574,367.765686,962.524597,-688.955505,201.833237,1022.192932,-680.235229,282.596588,1021.416992,-771.404297,66.83168,693.266907,-743.957275,84.367661,509.659576,-720.68634,64.423958,363.616547,-692.770447,84.919159,111.056763,-636.712036,118.29351,39.919361,-861.190063,120.728416,63.73962,-734.994263,443.676086,753.001404,-739.101624,417.619263,501.620239,-703.843506,436.620026,385.457886,-687.985291,426.436005,93.474777,-632.94812,383.685577,37.226124,-857.137268,411.203369,61.143745
